Year,Month,ParentSKU,Net Sales calculated
2017,4,F0033,2064354
2017,4,F0034,3259633
2017,4,F0089,1263414
2017,4,F0091,336119
2017,4,F0094,3071696
2017,4,F0098,2734994
2017,4,F0099,3119965
2017,4,F0101,1134975
2017,4,F0112,637173
2017,4,F0113,644900
2017,4,F0140,981999
2017,4,F0147,1722840
2017,4,F0167,1004825
2017,4,F0168,400857
2017,4,F0193,1462763
2017,4,F0194,1285529
2017,4,F0196,733249
2017,4,F0199,659683
2017,4,F0201,968520
2017,4,F0202,1052011
2017,4,F0204,933252
2017,4,F0206,466104
2017,4,F0207,682753
2017,4,F0210,698491
2017,4,F0212,1150051
2017,4,F0214,1097448
2017,4,F0215,1904323
2017,4,F0216,1613127
2017,4,F0217,1192954
2017,4,F0218,996298
2017,4,F0232,848032
2017,4,F0233,915526
2017,4,F0306,1636608
2017,4,F0307,1459598
2017,4,F0311,2040201
2017,4,F0319,765597
2017,4,F0320,633238
2017,4,F0321,745000
2017,4,F0328,679660
2017,5,F0033,3193270
2017,5,F0034,3980599
2017,5,F0089,234938
2017,5,F0091,99404
2017,5,F0094,2352986
2017,5,F0098,2275313
2017,5,F0099,2908416
2017,5,F0101,1603740
2017,5,F0112,1053716
2017,5,F0113,869643
2017,5,F0140,427733
2017,5,F0147,906094
2017,5,F0167,1162739
2017,5,F0168,652978
2017,5,F0193,1653718
2017,5,F0194,1518857
2017,5,F0196,915652
2017,5,F0199,1016693
2017,5,F0201,1066779
2017,5,F0202,1092652
2017,5,F0204,1187512
2017,5,F0206,240004
2017,5,F0207,1049818
2017,5,F0210,846575
2017,5,F0212,1706847
2017,5,F0214,1757945
2017,5,F0215,2648223
2017,5,F0216,1587938
2017,5,F0217,1098981
2017,5,F0218,1493119
2017,5,F0232,1300518
2017,5,F0233,1292754
2017,5,F0306,2062592
2017,5,F0307,1774643
2017,5,F0311,2144523
2017,5,F0319,1007283
2017,5,F0320,562780
2017,5,F0321,700816
2017,5,F0328,1103879
2017,6,F0033,1956341
2017,6,F0034,4206700
2017,6,F0089,78097
2017,6,F0091,1009
2017,6,F0094,2136159
2017,6,F0098,2231113
2017,6,F0099,3193082
2017,6,F0101,1421953
2017,6,F0112,546865
2017,6,F0113,763465
2017,6,F0140,1139097
2017,6,F0147,1222598
2017,6,F0167,1500555
2017,6,F0168,500008
2017,6,F0193,1634252
2017,6,F0194,1642448
2017,6,F0196,997631
2017,6,F0199,885151
2017,6,F0201,947411
2017,6,F0202,1372321
2017,6,F0204,1239661
2017,6,F0206,1366093
2017,6,F0207,891746
2017,6,F0210,819572
2017,6,F0212,1567711
2017,6,F0214,1481808
2017,6,F0215,2373240
2017,6,F0216,1913084
2017,6,F0217,1857929
2017,6,F0218,1556024
2017,6,F0232,933185
2017,6,F0233,1231135
2017,6,F0306,2169941
2017,6,F0307,1791543
2017,6,F0311,2045745
2017,6,F0319,755553
2017,6,F0320,1102708
2017,6,F0321,940010
2017,6,F0328,1254596
2017,7,F0033,2780007
2017,7,F0034,3574834
2017,7,F0089,11036814
2017,7,F0091,62264
2017,7,F0094,3771273
2017,7,F0098,3463623
2017,7,F0099,5622897
2017,7,F0101,1674945
2017,7,F0112,542398
2017,7,F0113,650217
2017,7,F0140,1590258
2017,7,F0147,1845027
2017,7,F0167,1237449
2017,7,F0168,406026
2017,7,F0193,1284353
2017,7,F0194,1422268
2017,7,F0196,677523
2017,7,F0199,648839
2017,7,F0201,724305
2017,7,F0202,1070713
2017,7,F0204,880724
2017,7,F0206,636528
2017,7,F0207,620621
2017,7,F0210,647720
2017,7,F0212,1255785
2017,7,F0214,1121780
2017,7,F0215,2250148
2017,7,F0216,1556098
2017,7,F0217,1268398
2017,7,F0218,1163203
2017,7,F0232,893444
2017,7,F0233,923501
2017,7,F0306,2590557
2017,7,F0307,2078231
2017,7,F0311,2170175
2017,7,F0319,1108416
2017,7,F0320,647647
2017,7,F0321,1267486
2017,7,F0328,1293999
2017,7,F0365,1784344
2017,7,F0367,1849169
2017,7,F0369,2425610
2017,7,F0371,1751860
2017,8,F0033,2025686
2017,8,F0034,3113521
2017,8,F0089,11737664
2017,8,F0091,2361571
2017,8,F0094,3736978
2017,8,F0098,3325092
2017,8,F0099,4645331
2017,8,F0101,2232482
2017,8,F0112,381503
2017,8,F0113,516658
2017,8,F0140,926525
2017,8,F0147,1210562
2017,8,F0167,1189051
2017,8,F0168,364342
2017,8,F0193,1412657
2017,8,F0194,1363015
2017,8,F0196,678401
2017,8,F0199,705951
2017,8,F0201,880567
2017,8,F0202,897153
2017,8,F0204,959552
2017,8,F0206,779617
2017,8,F0207,749631
2017,8,F0210,639594
2017,8,F0212,1552985
2017,8,F0214,1337288
2017,8,F0215,2278860
2017,8,F0216,1517377
2017,8,F0217,1110335
2017,8,F0218,966271
2017,8,F0232,938235
2017,8,F0233,1045786
2017,8,F0306,2247706
2017,8,F0307,1682410
2017,8,F0311,1979385
2017,8,F0319,1615752
2017,8,F0320,730061
2017,8,F0321,1154786
2017,8,F0328,866169
2017,8,F0365,1063016
2017,8,F0367,949475
2017,8,F0369,1398805
2017,8,F0371,784143
2017,8,F0387,1397695
2017,9,F0033,2502079
2017,9,F0034,3390023
2017,9,F0089,6198327
2017,9,F0091,2127872
2017,9,F0094,4449049
2017,9,F0098,4745748
2017,9,F0099,5428140
2017,9,F0101,2510374
2017,9,F0112,429549
2017,9,F0113,455134
2017,9,F0140,508031
2017,9,F0147,1502373
2017,9,F0167,590477
2017,9,F0168,446281
2017,9,F0193,1273397
2017,9,F0194,1366203
2017,9,F0196,774296
2017,9,F0199,735368
2017,9,F0201,590468
2017,9,F0202,941091
2017,9,F0204,824377
2017,9,F0206,748944
2017,9,F0207,861532
2017,9,F0210,729265
2017,9,F0212,1096520
2017,9,F0214,1162479
2017,9,F0215,544003
2017,9,F0216,417197
2017,9,F0217,1131763
2017,9,F0218,735386
2017,9,F0232,762612
2017,9,F0233,862774
2017,9,F0306,1843881
2017,9,F0307,1575496
2017,9,F0311,1374170
2017,9,F0319,821349
2017,9,F0320,732955
2017,9,F0321,1094816
2017,9,F0328,682659
2017,9,F0365,1018279
2017,9,F0367,1365816
2017,9,F0369,1056425
2017,9,F0371,1052503
2017,9,F0387,1489561
2017,10,F0033,1436348
2017,10,F0034,2352164
2017,10,F0089,4918868
2017,10,F0091,2492915
2017,10,F0094,3030214
2017,10,F0098,2704370
2017,10,F0099,4386334
2017,10,F0101,1702701
2017,10,F0112,612324
2017,10,F0113,341005
2017,10,F0140,1190715
2017,10,F0147,627350
2017,10,F0167,661341
2017,10,F0168,326352
2017,10,F0193,1893114
2017,10,F0194,1185526
2017,10,F0196,690589
2017,10,F0199,604637
2017,10,F0201,778032
2017,10,F0202,905484
2017,10,F0204,663518
2017,10,F0206,627431
2017,10,F0207,358973
2017,10,F0210,568192
2017,10,F0212,1220059
2017,10,F0214,1049760
2017,10,F0215,729653
2017,10,F0216,624819
2017,10,F0217,1044728
2017,10,F0218,1083550
2017,10,F0232,781379
2017,10,F0233,674105
2017,10,F0306,1745298
2017,10,F0307,1221720
2017,10,F0311,1257905
2017,10,F0319,416828
2017,10,F0320,654769
2017,10,F0321,588650
2017,10,F0328,800313
2017,10,F0365,1237286
2017,10,F0367,1291436
2017,10,F0369,1395128
2017,10,F0371,1275739
2017,10,F0387,2030771
2017,11,F0033,3026236
2017,11,F0034,3987427
2017,11,F0089,6073246
2017,11,F0091,2207624
2017,11,F0094,3111079
2017,11,F0098,3122100
2017,11,F0099,3849977
2017,11,F0101,1860723
2017,11,F0112,161496
2017,11,F0113,635257
2017,11,F0140,689163
2017,11,F0147,876391
2017,11,F0167,1049203
2017,11,F0168,203829
2017,11,F0193,2330489
2017,11,F0194,1358181
2017,11,F0196,761455
2017,11,F0199,544103
2017,11,F0201,781792
2017,11,F0202,1114059
2017,11,F0204,975954
2017,11,F0206,505240
2017,11,F0207,680034
2017,11,F0210,580263
2017,11,F0212,1541826
2017,11,F0214,1531765
2017,11,F0215,1024701
2017,11,F0216,874059
2017,11,F0217,1038306
2017,11,F0218,960485
2017,11,F0232,825936
2017,11,F0233,842752
2017,11,F0306,1872635
2017,11,F0307,1479330
2017,11,F0311,2527685
2017,11,F0319,2180152
2017,11,F0320,1632449
2017,11,F0321,2399543
2017,11,F0328,768169
2017,11,F0365,472858
2017,11,F0367,663933
2017,11,F0369,811302
2017,11,F0371,690821
2017,11,F0387,1741167
2017,12,F0033,4129146
2017,12,F0034,4069945
2017,12,F0089,3665656
2017,12,F0091,1799203
2017,12,F0094,2492754
2017,12,F0098,3444276
2017,12,F0099,5064135
2017,12,F0101,1717086
2017,12,F0112,770972
2017,12,F0113,85863
2017,12,F0140,1062846
2017,12,F0147,1256430
2017,12,F0167,1435571
2017,12,F0168,489764
2017,12,F0193,9067808
2017,12,F0194,1767248
2017,12,F0196,1477260
2017,12,F0199,800738
2017,12,F0201,947251
2017,12,F0202,1432388
2017,12,F0204,1304572
2017,12,F0206,341353
2017,12,F0207,938014
2017,12,F0210,1003330
2017,12,F0212,1795237
2017,12,F0214,1433002
2017,12,F0215,1142910
2017,12,F0216,974567
2017,12,F0217,1137956
2017,12,F0218,1161518
2017,12,F0232,1267916
2017,12,F0233,1108045
2017,12,F0306,2311385
2017,12,F0307,1899302
2017,12,F0311,2594975
2017,12,F0319,1540403
2017,12,F0320,1608098
2017,12,F0321,2190182
2017,12,F0328,1183937
2017,12,F0365,493009
2017,12,F0367,838429
2017,12,F0369,672668
2017,12,F0371,941632
2017,12,F0387,389965
2018,1,F0033,4356173
2018,1,F0034,5208869
2018,1,F0089,4104687
2018,1,F0091,2266370
2018,1,F0094,3064757
2018,1,F0098,3424506
2018,1,F0099,5568779
2018,1,F0101,1995700
2018,1,F0112,828098
2018,1,F0113,1115180
2018,1,F0140,1110604
2018,1,F0147,922095
2018,1,F0167,1189293
2018,1,F0168,307936
2018,1,F0193,3627036
2018,1,F0194,1783484
2018,1,F0196,1264957
2018,1,F0199,829252
2018,1,F0201,1350494
2018,1,F0202,1287704
2018,1,F0204,1536019
2018,1,F0206,751627
2018,1,F0207,1014587
2018,1,F0210,987242
2018,1,F0212,1199904
2018,1,F0214,1846532
2018,1,F0215,1480428
2018,1,F0216,1014214
2018,1,F0217,1376377
2018,1,F0218,1546746
2018,1,F0232,984132
2018,1,F0233,922499
2018,1,F0306,1902631
2018,1,F0307,1774562
2018,1,F0311,1471301
2018,1,F0319,1673412
2018,1,F0320,1367842
2018,1,F0321,1949042
2018,1,F0328,857063
2018,1,F0365,1095366
2018,1,F0367,1081506
2018,1,F0369,1272220
2018,1,F0371,743778
2018,1,F0387,2181835
2018,1,T0270,570065
2018,2,F0033,3909530
2018,2,F0034,5356333
2018,2,F0089,4339946
2018,2,F0091,1567126
2018,2,F0094,2437790
2018,2,F0098,1949310
2018,2,F0099,3273713
2018,2,F0101,1335989
2018,2,F0112,911381
2018,2,F0113,402289
2018,2,F0140,580745
2018,2,F0147,647219
2018,2,F0167,823680
2018,2,F0168,533113
2018,2,F0193,2330644
2018,2,F0194,1759555
2018,2,F0196,749548
2018,2,F0199,693172
2018,2,F0201,934961
2018,2,F0202,1220813
2018,2,F0204,831288
2018,2,F0206,914416
2018,2,F0207,636012
2018,2,F0210,568279
2018,2,F0212,1652388
2018,2,F0214,1581574
2018,2,F0215,1174124
2018,2,F0216,736796
2018,2,F0217,850973
2018,2,F0218,682223
2018,2,F0232,1192408
2018,2,F0233,950707
2018,2,F0306,1667640
2018,2,F0307,1339712
2018,2,F0311,1152058
2018,2,F0319,1314084
2018,2,F0320,1014944
2018,2,F0321,920878
2018,2,F0328,870888
2018,2,F0365,793347
2018,2,F0367,896846
2018,2,F0369,677014
2018,2,F0371,1154096
2018,2,F0387,2338898
2018,2,T0270,884585
2018,3,F0033,4622109
2018,3,F0034,5906238
2018,3,F0089,5220797
2018,3,F0091,1802283
2018,3,F0094,2957412
2018,3,F0098,2793926
2018,3,F0099,3890821
2018,3,F0101,1292398
2018,3,F0112,465977
2018,3,F0113,1117167
2018,3,F0140,457840
2018,3,F0147,708863
2018,3,F0167,1482902
2018,3,F0168,418098
2018,3,F0193,1305749
2018,3,F0194,1940096
2018,3,F0196,732400
2018,3,F0199,797694
2018,3,F0201,1146805
2018,3,F0202,1493319
2018,3,F0204,1267398
2018,3,F0206,921406
2018,3,F0207,839089
2018,3,F0210,897329
2018,3,F0212,1499184
2018,3,F0214,1612904
2018,3,F0215,1598547
2018,3,F0216,805362
2018,3,F0217,1463324
2018,3,F0218,1277639
2018,3,F0232,1262132
2018,3,F0233,871722
2018,3,F0306,2200001
2018,3,F0307,1603283
2018,3,F0311,1587579
2018,3,F0319,998714
2018,3,F0320,801076
2018,3,F0321,991687
2018,3,F0328,896627
2018,3,F0365,869339
2018,3,F0367,1358419
2018,3,F0369,918067
2018,3,F0371,953647
2018,3,F0387,2020111
2018,3,T0270,2241707
2018,4,F0033,2929991
2018,4,F0034,4201125
2018,4,F0089,3920905
2018,4,F0091,1622222
2018,4,F0094,2126099
2018,4,F0098,1643675
2018,4,F0099,2703984
2018,4,F0101,1073095
2018,4,F0112,759258
2018,4,F0113,172662
2018,4,F0140,522765
2018,4,F0147,1017616
2018,4,F0167,901269
2018,4,F0168,430316
2018,4,F0193,943534
2018,4,F0194,1761237
2018,4,F0196,871191
2018,4,F0199,751095
2018,4,F0201,916530
2018,4,F0202,1205706
2018,4,F0204,1289045
2018,4,F0206,558907
2018,4,F0207,786953
2018,4,F0210,716480
2018,4,F0212,1881301
2018,4,F0214,1838336
2018,4,F0215,1514161
2018,4,F0216,1235779
2018,4,F0217,590291
2018,4,F0218,740422
2018,4,F0232,1036256
2018,4,F0233,846604
2018,4,F0306,2150653
2018,4,F0307,1631851
2018,4,F0311,1768868
2018,4,F0319,995886
2018,4,F0320,713943
2018,4,F0321,842796
2018,4,F0328,749959
2018,4,F0365,817674
2018,4,F0367,1147083
2018,4,F0369,949876
2018,4,F0371,1024236
2018,4,F0387,1695023
2018,4,T0270,721850
2018,5,F0033,2575914
2018,5,F0034,3595790
2018,5,F0089,4535845
2018,5,F0091,1861759
2018,5,F0094,2295334
2018,5,F0098,2088287
2018,5,F0099,3844612
2018,5,F0101,1138827
2018,5,F0112,867756
2018,5,F0113,1305534
2018,5,F0140,656313
2018,5,F0147,816348
2018,5,F0167,1473255
2018,5,F0168,488901
2018,5,F0193,1087666
2018,5,F0194,1539480
2018,5,F0196,683627
2018,5,F0199,645923
2018,5,F0201,1044798
2018,5,F0202,1281313
2018,5,F0204,1011617
2018,5,F0206,744123
2018,5,F0207,706941
2018,5,F0210,764332
2018,5,F0212,1924902
2018,5,F0214,1597785
2018,5,F0215,1858106
2018,5,F0216,967259
2018,5,F0217,1422572
2018,5,F0218,1580614
2018,5,F0232,1044105
2018,5,F0233,804458
2018,5,F0306,2174404
2018,5,F0307,1921718
2018,5,F0311,1347964
2018,5,F0319,1186883
2018,5,F0320,647366
2018,5,F0321,898419
2018,5,F0328,1214597
2018,5,F0365,1184249
2018,5,F0367,1648664
2018,5,F0369,846752
2018,5,F0371,1158602
2018,5,F0387,1694403
2018,5,F0469,3081961
2018,5,F0470,3080087
2018,5,T0270,836163
2018,6,F0033,5320229
2018,6,F0034,6279613
2018,6,F0089,8178163
2018,6,F0091,2952784
2018,6,F0094,3194046
2018,6,F0098,4140963
2018,6,F0099,5327579
2018,6,F0101,1604200
2018,6,F0112,556369
2018,6,F0113,911152
2018,6,F0140,733730
2018,6,F0147,839050
2018,6,F0167,1663281
2018,6,F0168,402748
2018,6,F0193,886794
2018,6,F0194,1773327
2018,6,F0196,681658
2018,6,F0199,684227
2018,6,F0201,1240346
2018,6,F0202,1293000
2018,6,F0204,1157826
2018,6,F0206,840142
2018,6,F0207,829988
2018,6,F0210,741383
2018,6,F0212,1960143
2018,6,F0214,1537868
2018,6,F0215,1850051
2018,6,F0216,1282861
2018,6,F0217,1405514
2018,6,F0218,1458576
2018,6,F0232,1140934
2018,6,F0233,859822
2018,6,F0306,2883288
2018,6,F0307,2294974
2018,6,F0311,1840720
2018,6,F0319,1534557
2018,6,F0320,721171
2018,6,F0321,1383898
2018,6,F0328,1047128
2018,6,F0365,1081165
2018,6,F0367,1429517
2018,6,F0369,1358174
2018,6,F0371,1757302
2018,6,F0387,2261006
2018,6,F0469,2321367
2018,6,F0470,2390723
2018,6,T0270,1796990
2018,7,F0033,2880581
2018,7,F0034,3777770
2018,7,F0089,8072055
2018,7,F0091,1499243
2018,7,F0094,2426523
2018,7,F0098,2209560
2018,7,F0099,3296687
2018,7,F0101,1502214
2018,7,F0112,928570
2018,7,F0113,824661
2018,7,F0140,456370
2018,7,F0147,937397
2018,7,F0167,1268248
2018,7,F0168,297898
2018,7,F0193,1010051
2018,7,F0194,1556030
2018,7,F0196,409303
2018,7,F0199,615942
2018,7,F0201,668702
2018,7,F0202,1072182
2018,7,F0204,888589
2018,7,F0206,628808
2018,7,F0207,614065
2018,7,F0210,629891
2018,7,F0212,1411853
2018,7,F0214,1073200
2018,7,F0215,1323593
2018,7,F0216,686410
2018,7,F0217,929325
2018,7,F0218,887983
2018,7,F0232,794327
2018,7,F0233,702401
2018,7,F0306,3151204
2018,7,F0307,2340112
2018,7,F0311,2315698
2018,7,F0319,1589172
2018,7,F0320,794354
2018,7,F0321,1434984
2018,7,F0328,1313033
2018,7,F0365,834199
2018,7,F0367,1342837
2018,7,F0369,908170
2018,7,F0371,1318848
2018,7,F0387,1762251
2018,7,F0469,3112019
2018,7,F0470,2021455
2018,7,T0270,1030707
2018,8,F0033,2700577
2018,8,F0034,3443027
2018,8,F0089,6282344
2018,8,F0091,2041876
2018,8,F0094,2202097
2018,8,F0098,2269815
2018,8,F0099,3840720
2018,8,F0101,1188578
2018,8,F0112,637174
2018,8,F0113,836594
2018,8,F0140,576345
2018,8,F0147,962395
2018,8,F0167,1314734
2018,8,F0168,405060
2018,8,F0193,1302890
2018,8,F0194,1787443
2018,8,F0196,499670
2018,8,F0199,556707
2018,8,F0201,1181259
2018,8,F0202,1284681
2018,8,F0204,870070
2018,8,F0206,590339
2018,8,F0207,664139
2018,8,F0210,553041
2018,8,F0212,2087753
2018,8,F0214,1431717
2018,8,F0215,1869193
2018,8,F0216,1397498
2018,8,F0217,1133016
2018,8,F0218,1241134
2018,8,F0232,928449
2018,8,F0233,739915
2018,8,F0306,2731958
2018,8,F0307,2013843
2018,8,F0311,2187528
2018,8,F0319,1844422
2018,8,F0320,674391
2018,8,F0321,1349893
2018,8,F0328,1184915
2018,8,F0365,1617276
2018,8,F0367,2770969
2018,8,F0369,1911179
2018,8,F0371,2210025
2018,8,F0387,1750863
2018,8,F0469,2600637
2018,8,F0470,1634215
2018,8,T0270,814143
2018,9,F0033,3073015
2018,9,F0034,3863822
2018,9,F0089,5031599
2018,9,F0091,1873009
2018,9,F0094,3407161
2018,9,F0098,3312322
2018,9,F0099,5000599
2018,9,F0101,1407289
2018,9,F0112,525586
2018,9,F0113,546078
2018,9,F0140,691581
2018,9,F0147,803319
2018,9,F0167,1088398
2018,9,F0168,384436
2018,9,F0193,1296783
2018,9,F0194,761450
2018,9,F0196,462203
2018,9,F0199,636793
2018,9,F0201,1080655
2018,9,F0202,1081061
2018,9,F0204,740956
2018,9,F0206,529270
2018,9,F0207,802142
2018,9,F0210,712957
2018,9,F0212,934242
2018,9,F0214,1032538
2018,9,F0215,1582733
2018,9,F0216,1012605
2018,9,F0217,1046641
2018,9,F0218,1032500
2018,9,F0232,905711
2018,9,F0233,374971
2018,9,F0306,1804601
2018,9,F0307,1440018
2018,9,F0311,1230406
2018,9,F0319,1438689
2018,9,F0320,1017311
2018,9,F0321,883004
2018,9,F0328,1051047
2018,9,F0365,1312579
2018,9,F0367,1951640
2018,9,F0369,1693035
2018,9,F0371,1079749
2018,9,F0387,810739
2018,9,F0469,4156412
2018,9,F0470,2807431
2018,9,T0270,723241
2018,10,F0033,3159314
2018,10,F0034,3017053
2018,10,F0089,1947850
2018,10,F0091,1868124
2018,10,F0094,2245046
2018,10,F0098,2880167
2018,10,F0099,3484499
2018,10,F0101,1369444
2018,10,F0112,246406
2018,10,F0113,305189
2018,10,F0140,235565
2018,10,F0147,1854931
2018,10,F0167,915780
2018,10,F0168,307610
2018,10,F0193,1643773
2018,10,F0194,389587
2018,10,F0196,626779
2018,10,F0199,332217
2018,10,F0201,471244
2018,10,F0202,1095034
2018,10,F0204,641594
2018,10,F0206,448136
2018,10,F0207,512613
2018,10,F0210,661350
2018,10,F0212,318202
2018,10,F0214,962258
2018,10,F0215,1301871
2018,10,F0216,844174
2018,10,F0217,1027449
2018,10,F0218,898348
2018,10,F0232,917548
2018,10,F0233,226903
2018,10,F0306,1622078
2018,10,F0307,997713
2018,10,F0311,1427471
2018,10,F0319,1339242
2018,10,F0320,853846
2018,10,F0321,1086851
2018,10,F0328,1107203
2018,10,F0365,1113342
2018,10,F0367,1282867
2018,10,F0369,959657
2018,10,F0371,1578661
2018,10,F0387,531399
2018,10,F0469,4617235
2018,10,F0470,2978492
2018,10,T0270,669880
2018,11,F0033,1246609
2018,11,F0034,2824321
2018,11,F0089,6521248
2018,11,F0091,284109
2018,11,F0094,2000962
2018,11,F0098,2083422
2018,11,F0099,2621908
2018,11,F0101,1230794
2018,11,F0112,97420
2018,11,F0113,163136
2018,11,F0140,44095
2018,11,F0147,395335
2018,11,F0167,847509
2018,11,F0168,351976
2018,11,F0193,1693805
2018,11,F0194,141133
2018,11,F0196,406597
2018,11,F0199,144456
2018,11,F0201,249481
2018,11,F0202,951180
2018,11,F0204,261640
2018,11,F0206,233518
2018,11,F0207,213574
2018,11,F0210,686836
2018,11,F0212,898323
2018,11,F0214,446021
2018,11,F0215,1191443
2018,11,F0216,591527
2018,11,F0217,843341
2018,11,F0218,834726
2018,11,F0232,328114
2018,11,F0233,621601
2018,11,F0306,1331345
2018,11,F0307,1244110
2018,11,F0311,939788
2018,11,F0319,1597441
2018,11,F0320,1030556
2018,11,F0321,1092456
2018,11,F0328,966250
2018,11,F0365,936660
2018,11,F0367,866960
2018,11,F0369,756691
2018,11,F0371,1250579
2018,11,F0387,2187206
2018,11,F0469,1429378
2018,11,F0470,2364386
2018,11,T0270,202308
2018,12,F0033,2813041
2018,12,F0034,2154375
2018,12,F0089,6488373
2018,12,F0091,2243547
2018,12,F0094,2113018
2018,12,F0098,1904813
2018,12,F0099,2865533
2018,12,F0101,1286653
2018,12,F0112,19365
2018,12,F0113,915156
2018,12,F0140,38838
2018,12,F0147,319838
2018,12,F0167,973826
2018,12,F0168,378523
2018,12,F0193,2729565
2018,12,F0194,1976035
2018,12,F0196,798064
2018,12,F0199,554326
2018,12,F0201,1470480
2018,12,F0202,291786
2018,12,F0204,1194796
2018,12,F0206,279021
2018,12,F0207,750893
2018,12,F0210,590325
2018,12,F0212,1278840
2018,12,F0214,1399132
2018,12,F0215,1290299
2018,12,F0216,1475369
2018,12,F0217,1048396
2018,12,F0218,1104474
2018,12,F0232,934272
2018,12,F0233,768399
2018,12,F0306,2079804
2018,12,F0307,1924188
2018,12,F0311,1436451
2018,12,F0319,1063478
2018,12,F0320,787594
2018,12,F0321,961437
2018,12,F0328,1029998
2018,12,F0365,670917
2018,12,F0367,1029731
2018,12,F0369,762761
2018,12,F0371,1064550
2018,12,F0387,1434711
2018,12,F0469,2455699
2018,12,F0470,2337347
2018,12,T0270,677556
2019,1,F0033,315263
2019,1,F0034,2319615
2019,1,F0089,4724311
2019,1,F0091,2083551
2019,1,F0094,2134873
2019,1,F0098,2279013
2019,1,F0099,3678872
2019,1,F0101,1061805
2019,1,F0112,3584
2019,1,F0113,887223
2019,1,F0140,22265
2019,1,F0147,379564
2019,1,F0167,977817
2019,1,F0168,319682
2019,1,F0193,3029170
2019,1,F0194,1598058
2019,1,F0196,724522
2019,1,F0199,633513
2019,1,F0201,673678
2019,1,F0202,1271047
2019,1,F0204,988706
2019,1,F0206,839484
2019,1,F0207,646328
2019,1,F0210,640793
2019,1,F0212,2098965
2019,1,F0214,1557513
2019,1,F0215,2015788
2019,1,F0216,1062878
2019,1,F0217,369760
2019,1,F0218,698882
2019,1,F0232,741888
2019,1,F0233,538354
2019,1,F0306,3225867
2019,1,F0307,2473438
2019,1,F0311,1956358
2019,1,F0319,1851370
2019,1,F0320,924203
2019,1,F0321,1269599
2019,1,F0328,771032
2019,1,F0365,741972
2019,1,F0367,1004636
2019,1,F0369,830231
2019,1,F0371,908597
2019,1,F0387,1612690
2019,1,F0469,2257445
2019,1,F0470,1582780
2019,1,T0270,162414
2019,2,F0033,4088837
2019,2,F0034,4519160
2019,2,F0089,5723523
2019,2,F0091,1655196
2019,2,F0094,1849903
2019,2,F0098,1688715
2019,2,F0099,3386843
2019,2,F0101,854196
2019,2,F0112,492660
2019,2,F0113,580660
2019,2,F0140,407011
2019,2,F0147,278571
2019,2,F0167,772430
2019,2,F0168,249782
2019,2,F0193,1467887
2019,2,F0194,1402572
2019,2,F0196,528065
2019,2,F0199,482016
2019,2,F0201,651103
2019,2,F0202,1091364
2019,2,F0204,1113230
2019,2,F0206,239442
2019,2,F0207,493666
2019,2,F0210,423243
2019,2,F0212,1438383
2019,2,F0214,1222577
2019,2,F0215,979062
2019,2,F0216,1100173
2019,2,F0217,963243
2019,2,F0218,1045126
2019,2,F0232,841042
2019,2,F0233,619736
2019,2,F0306,2228659
2019,2,F0307,1677732
2019,2,F0311,1361501
2019,2,F0319,1559869
2019,2,F0320,903222
2019,2,F0321,995584
2019,2,F0328,1043858
2019,2,F0365,524784
2019,2,F0367,884174
2019,2,F0369,621773
2019,2,F0371,687460
2019,2,F0387,1152971
2019,2,F0469,2302043
2019,2,F0470,1707579
2019,2,T0270,163986
2019,3,F0033,3300258
2019,3,F0034,2835211
2019,3,F0089,5194382
2019,3,F0091,1682228
2019,3,F0094,2275637
2019,3,F0098,1677667
2019,3,F0099,2858505
2019,3,F0101,998768
2019,3,F0112,674044
2019,3,F0113,819348
2019,3,F0140,194077
2019,3,F0147,481127
2019,3,F0167,714854
2019,3,F0168,284829
2019,3,F0193,1042257
2019,3,F0194,1282081
2019,3,F0196,426140
2019,3,F0199,419229
2019,3,F0201,466461
2019,3,F0202,973878
2019,3,F0204,792921
2019,3,F0206,574482
2019,3,F0207,462775
2019,3,F0210,445362
2019,3,F0212,1360949
2019,3,F0214,1010993
2019,3,F0215,1695013
2019,3,F0216,977513
2019,3,F0217,1259869
2019,3,F0218,975221
2019,3,F0232,779962
2019,3,F0233,525354
2019,3,F0306,3526557
2019,3,F0307,2364424
2019,3,F0311,2937955
2019,3,F0319,1919250
2019,3,F0320,987190
2019,3,F0321,1440758
2019,3,F0328,1352502
2019,3,F0365,506852
2019,3,F0367,942544
2019,3,F0369,636477
2019,3,F0371,886434
2019,3,F0387,385316
2019,3,F0469,5476291
2019,3,F0470,2525307
2019,3,T0270,8406
2019,4,F0033,2517666
2019,4,F0034,4214405
2019,4,F0089,3990473
2019,4,F0091,1858279
2019,4,F0094,2376840
2019,4,F0098,1672130
2019,4,F0099,2680301
2019,4,F0101,737903
2019,4,F0112,457191
2019,4,F0113,601075
2019,4,F0140,27031
2019,4,F0147,353077
2019,4,F0167,639670
2019,4,F0168,302161
2019,4,F0193,793277
2019,4,F0194,1064598
2019,4,F0196,514719
2019,4,F0199,462229
2019,4,F0201,710442
2019,4,F0202,900469
2019,4,F0204,698967
2019,4,F0206,577676
2019,4,F0207,441753
2019,4,F0210,354971
2019,4,F0212,1530983
2019,4,F0214,1186732
2019,4,F0215,1837370
2019,4,F0216,1187673
2019,4,F0217,873798
2019,4,F0218,705104
2019,4,F0232,789305
2019,4,F0233,590417
2019,4,F0306,2350303
2019,4,F0307,1764349
2019,4,F0311,1954923
2019,4,F0319,1264842
2019,4,F0320,742997
2019,4,F0321,871533
2019,4,F0328,1258433
2019,4,F0365,776623
2019,4,F0367,1044471
2019,4,F0369,658866
2019,4,F0371,852266
2019,4,F0387,2585758
2019,4,F0469,2230024
2019,4,F0470,1478541
2019,4,T0270,319337
2019,5,F0033,3693262
2019,5,F0034,5892925
2019,5,F0089,5018944
2019,5,F0091,1686661
2019,5,F0094,2611527
2019,5,F0098,1799565
2019,5,F0099,3203749
2019,5,F0101,1072398
2019,5,F0112,522202
2019,5,F0113,605354
2019,5,F0140,296716
2019,5,F0147,835588
2019,5,F0167,1033255
2019,5,F0168,365191
2019,5,F0193,1109719
2019,5,F0194,1145796
2019,5,F0196,559569
2019,5,F0199,471574
2019,5,F0201,678205
2019,5,F0202,830515
2019,5,F0204,809757
2019,5,F0206,532557
2019,5,F0207,513523
2019,5,F0210,534854
2019,5,F0212,1544343
2019,5,F0214,1019096
2019,5,F0215,1905200
2019,5,F0216,1210741
2019,5,F0217,883056
2019,5,F0218,727061
2019,5,F0232,802063
2019,5,F0233,653464
2019,5,F0306,3311066
2019,5,F0307,2737525
2019,5,F0311,1623027
2019,5,F0319,1651230
2019,5,F0320,616295
2019,5,F0321,1120800
2019,5,F0328,1254606
2019,5,F0365,773831
2019,5,F0367,1218030
2019,5,F0369,760623
2019,5,F0371,1218079
2019,5,F0387,1634198
2019,5,F0469,2131893
2019,5,F0470,1457097
2019,5,T0270,1365854
2019,6,F0033,3180912
2019,6,F0034,4872869
2019,6,F0089,7757686
2019,6,F0091,2901655
2019,6,F0094,2689412
2019,6,F0098,2038153
2019,6,F0099,2923625
2019,6,F0101,1181929
2019,6,F0112,496775
2019,6,F0113,118541
2019,6,F0140,907972
2019,6,F0147,864904
2019,6,F0167,1074168
2019,6,F0168,361032
2019,6,F0193,1088200
2019,6,F0194,1259486
2019,6,F0196,546867
2019,6,F0199,549502
2019,6,F0201,680676
2019,6,F0202,955119
2019,6,F0204,767173
2019,6,F0206,249056
2019,6,F0207,516194
2019,6,F0210,545733
2019,6,F0212,1530821
2019,6,F0214,1038383
2019,6,F0215,1632721
2019,6,F0216,993737
2019,6,F0217,1062171
2019,6,F0218,780488
2019,6,F0232,845664
2019,6,F0233,566822
2019,6,F0306,3205151
2019,6,F0307,2159352
2019,6,F0311,2096984
2019,6,F0319,1593121
2019,6,F0320,858535
2019,6,F0321,1241695
2019,6,F0328,1325699
2019,6,F0365,682645
2019,6,F0367,1239168
2019,6,F0369,771280
2019,6,F0371,935314
2019,6,F0387,3340334
2019,6,F0469,2613690
2019,6,F0470,1803663
2019,6,T0270,2045174
2019,7,F0033,2916934
2019,7,F0034,3287765
2019,7,F0089,4031335
2019,7,F0091,2135700
2019,7,F0094,1854732
2019,7,F0098,1255319
2019,7,F0099,2290258
2019,7,F0101,726616
2019,7,F0112,373451
2019,7,F0113,732688
2019,7,F0140,431741
2019,7,F0147,699406
2019,7,F0167,923240
2019,7,F0168,283349
2019,7,F0193,1087948
2019,7,F0194,1145306
2019,7,F0196,357460
2019,7,F0199,455567
2019,7,F0201,563026
2019,7,F0202,806282
2019,7,F0204,772420
2019,7,F0206,382046
2019,7,F0207,488581
2019,7,F0210,401787
2019,7,F0212,1150850
2019,7,F0214,701177
2019,7,F0215,1236141
2019,7,F0216,1017058
2019,7,F0217,871233
2019,7,F0218,671601
2019,7,F0232,664366
2019,7,F0233,533532
2019,7,F0306,3067721
2019,7,F0307,2106885
2019,7,F0311,1848167
2019,7,F0319,1425158
2019,7,F0320,622562
2019,7,F0321,923860
2019,7,F0328,1230489
2019,7,F0365,713682
2019,7,F0367,1181622
2019,7,F0369,730147
2019,7,F0371,936314
2019,7,F0387,1500355
2019,7,F0469,1504724
2019,7,F0470,1175867
2019,7,F0607,1218052
2019,7,F0627,672382
2019,7,T0270,1340488
2019,8,F0033,2800331
2019,8,F0034,3679231
2019,8,F0089,5026095
2019,8,F0091,2624612
2019,8,F0094,2704066
2019,8,F0098,1836542
2019,8,F0099,3069451
2019,8,F0101,804663
2019,8,F0112,364296
2019,8,F0113,566897
2019,8,F0140,446890
2019,8,F0147,660611
2019,8,F0167,768522
2019,8,F0168,243258
2019,8,F0193,1284646
2019,8,F0194,1289580
2019,8,F0196,601070
2019,8,F0199,488321
2019,8,F0201,602589
2019,8,F0202,668829
2019,8,F0204,671707
2019,8,F0206,408669
2019,8,F0207,690702
2019,8,F0210,310313
2019,8,F0212,1197900
2019,8,F0214,1049674
2019,8,F0215,1213495
2019,8,F0216,889310
2019,8,F0217,741830
2019,8,F0218,770732
2019,8,F0232,755714
2019,8,F0233,575532
2019,8,F0306,2848867
2019,8,F0307,2010851
2019,8,F0311,1290194
2019,8,F0319,1327520
2019,8,F0320,593776
2019,8,F0321,892841
2019,8,F0328,1525688
2019,8,F0365,640332
2019,8,F0367,1106530
2019,8,F0369,771113
2019,8,F0371,874876
2019,8,F0387,1638448
2019,8,F0469,2709556
2019,8,F0470,2219501
2019,8,F0607,3169716
2019,8,F0627,868079
2019,8,T0270,1333305
2019,9,F0033,3388255
2019,9,F0034,3747139
2019,9,F0089,7976783
2019,9,F0091,2801261
2019,9,F0094,2755841
2019,9,F0098,2131048
2019,9,F0099,2893286
2019,9,F0101,871757
2019,9,F0112,327122
2019,9,F0113,650081
2019,9,F0140,420398
2019,9,F0147,725579
2019,9,F0167,892351
2019,9,F0168,236252
2019,9,F0193,1983629
2019,9,F0194,1205171
2019,9,F0196,572529
2019,9,F0199,423226
2019,9,F0201,608801
2019,9,F0202,792498
2019,9,F0204,675808
2019,9,F0206,441371
2019,9,F0207,674137
2019,9,F0210,531830
2019,9,F0212,1138175
2019,9,F0214,893374
2019,9,F0215,1340816
2019,9,F0216,1101083
2019,9,F0217,727023
2019,9,F0218,774304
2019,9,F0232,733431
2019,9,F0233,479021
2019,9,F0306,2495642
2019,9,F0307,1780064
2019,9,F0311,1879500
2019,9,F0319,1307323
2019,9,F0320,899028
2019,9,F0321,972176
2019,9,F0328,1503093
2019,9,F0365,565920
2019,9,F0367,1254052
2019,9,F0369,866030
2019,9,F0371,954280
2019,9,F0387,2343521
2019,9,F0469,1119467
2019,9,F0470,813518
2019,9,F0607,1997290
2019,9,F0627,1009749
2019,9,T0270,1366233
2019,10,F0033,3541157
2019,10,F0034,3946102
2019,10,F0089,3461679
2019,10,F0091,1901290
2019,10,F0094,2492229
2019,10,F0098,2237307
2019,10,F0099,4013598
2019,10,F0101,1144286
2019,10,F0112,310248
2019,10,F0113,523216
2019,10,F0140,124292
2019,10,F0147,754349
2019,10,F0167,804818
2019,10,F0168,297235
2019,10,F0193,3382383
2019,10,F0194,1115244
2019,10,F0196,690132
2019,10,F0199,364417
2019,10,F0201,434581
2019,10,F0202,648018
2019,10,F0204,667190
2019,10,F0206,375037
2019,10,F0207,347468
2019,10,F0210,411462
2019,10,F0212,826089
2019,10,F0214,1033541
2019,10,F0215,1113218
2019,10,F0216,774679
2019,10,F0217,835277
2019,10,F0218,693243
2019,10,F0232,694449
2019,10,F0233,431232
2019,10,F0306,2651206
2019,10,F0307,2398993
2019,10,F0311,2068367
2019,10,F0319,468640
2019,10,F0320,950757
2019,10,F0321,1050018
2019,10,F0328,1336609
2019,10,F0365,459212
2019,10,F0367,624959
2019,10,F0369,692288
2019,10,F0371,750984
2019,10,F0387,1921891
2019,10,F0469,2266457
2019,10,F0470,1881133
2019,10,F0607,730133
2019,10,F0627,730122
2019,10,T0270,895221
2019,11,F0033,4293300
2019,11,F0034,3880799
2019,11,F0089,7258112
2019,11,F0091,1172333
2019,11,F0094,2046183
2019,11,F0098,2123521
2019,11,F0099,3337024
2019,11,F0101,938904
2019,11,F0112,420547
2019,11,F0113,530741
2019,11,F0140,838782
2019,11,F0147,1131008
2019,11,F0167,656516
2019,11,F0168,230170
2019,11,F0193,3357360
2019,11,F0194,1050263
2019,11,F0196,704857
2019,11,F0199,437129
2019,11,F0201,442156
2019,11,F0202,999513
2019,11,F0204,506018
2019,11,F0206,389991
2019,11,F0207,367619
2019,11,F0210,575531
2019,11,F0212,1229022
2019,11,F0214,992191
2019,11,F0215,660295
2019,11,F0216,787379
2019,11,F0217,433629
2019,11,F0218,781730
2019,11,F0232,762660
2019,11,F0233,540089
2019,11,F0306,3313565
2019,11,F0307,2842220
2019,11,F0311,2888444
2019,11,F0319,1450076
2019,11,F0320,836327
2019,11,F0321,894002
2019,11,F0328,2112198
2019,11,F0365,702683
2019,11,F0367,1057859
2019,11,F0369,633280
2019,11,F0371,972683
2019,11,F0387,1883315
2019,11,F0469,2472119
2019,11,F0470,1703944
2019,11,F0607,1803014
2019,11,F0627,681608
2019,11,T0270,741789
2019,12,F0033,5015112
2019,12,F0034,6438824
2019,12,F0089,6882933
2019,12,F0091,1736063
2019,12,F0094,2015627
2019,12,F0098,2296948
2019,12,F0099,3792060
2019,12,F0101,1197719
2019,12,F0112,272045
2019,12,F0113,434174
2019,12,F0140,814432
2019,12,F0147,1558365
2019,12,F0167,830008
2019,12,F0168,208260
2019,12,F0193,3675552
2019,12,F0194,1279943
2019,12,F0196,815909
2019,12,F0199,432070
2019,12,F0201,601390
2019,12,F0202,793811
2019,12,F0204,1159039
2019,12,F0206,477391
2019,12,F0207,590766
2019,12,F0210,406448
2019,12,F0212,1417360
2019,12,F0214,1326510
2019,12,F0215,1756535
2019,12,F0216,1348459
2019,12,F0217,1176064
2019,12,F0218,783948
2019,12,F0232,773633
2019,12,F0233,473594
2019,12,F0306,3033268
2019,12,F0307,2303788
2019,12,F0311,2344905
2019,12,F0319,1259974
2019,12,F0320,567459
2019,12,F0321,1101151
2019,12,F0328,1573158
2019,12,F0365,501497
2019,12,F0367,896111
2019,12,F0369,855958
2019,12,F0371,284449
2019,12,F0387,1957771
2019,12,F0469,3386672
2019,12,F0470,2811040
2019,12,F0607,1456355
2019,12,F0627,693132
2019,12,F0641,6137567
2019,12,F0642,8036748
2019,12,F0643,2289262
2019,12,T0270,543997
2020,1,F0033,5536270
2020,1,F0034,5814858
2020,1,F0089,11218417
2020,1,F0091,2011144
2020,1,F0094,2110633
2020,1,F0098,1832833
2020,1,F0099,3418426
2020,1,F0101,1258475
2020,1,F0112,405249
2020,1,F0113,540697
2020,1,F0140,554274
2020,1,F0147,979565
2020,1,F0167,814805
2020,1,F0168,276113
2020,1,F0193,1613781
2020,1,F0194,1160835
2020,1,F0196,624168
2020,1,F0199,434890
2020,1,F0201,471510
2020,1,F0202,1140755
2020,1,F0204,805263
2020,1,F0206,469318
2020,1,F0207,523629
2020,1,F0210,528074
2020,1,F0212,1504016
2020,1,F0214,1277973
2020,1,F0215,1739246
2020,1,F0216,1376786
2020,1,F0217,1186829
2020,1,F0218,1014527
2020,1,F0232,850613
2020,1,F0233,622892
2020,1,F0306,3346404
2020,1,F0307,3050980
2020,1,F0311,2453026
2020,1,F0319,1738349
2020,1,F0320,1020102
2020,1,F0321,1294470
2020,1,F0328,1875682
2020,1,F0365,756761
2020,1,F0367,1282572
2020,1,F0369,689351
2020,1,F0371,1180273
2020,1,F0387,1647010
2020,1,F0469,3502300
2020,1,F0470,2571630
2020,1,F0607,1396885
2020,1,F0627,854247
2020,1,F0641,6610893
2020,1,F0642,7560754
2020,1,F0643,1524095
2020,1,T0270,746940
2020,2,F0033,6012847
2020,2,F0034,5959902
2020,2,F0089,6581853
2020,2,F0091,1254259
2020,2,F0094,2114650
2020,2,F0098,1838740
2020,2,F0099,3562163
2020,2,F0101,1271056
2020,2,F0112,306902
2020,2,F0113,505397
2020,2,F0140,555238
2020,2,F0147,1001201
2020,2,F0167,654293
2020,2,F0168,266140
2020,2,F0193,1514948
2020,2,F0194,1041805
2020,2,F0196,412412
2020,2,F0199,375324
2020,2,F0201,339890
2020,2,F0202,850852
2020,2,F0204,828530
2020,2,F0206,387117
2020,2,F0207,477404
2020,2,F0210,441373
2020,2,F0212,1217088
2020,2,F0214,933214
2020,2,F0215,1218714
2020,2,F0216,907892
2020,2,F0217,860088
2020,2,F0218,737158
2020,2,F0232,530094
2020,2,F0233,322569
2020,2,F0306,2852755
2020,2,F0307,1551979
2020,2,F0311,1993066
2020,2,F0319,970430
2020,2,F0320,1041354
2020,2,F0321,920635
2020,2,F0328,1046224
2020,2,F0365,556466
2020,2,F0367,880691
2020,2,F0369,822701
2020,2,F0371,1079247
2020,2,F0387,1223103
2020,2,F0469,2728576
2020,2,F0470,1985124
2020,2,F0607,1094598
2020,2,F0627,718643
2020,2,F0641,6689457
2020,2,F0642,5044631
2020,2,F0643,1933517
2020,2,T0270,477354
